Chain,Claimed Fees,Unclaimed Fees,Swap Unclaimed Fees,CCTP Unclaimed Fees
bsc,66661.12951159086,154993.67931670957,0.0015572188002924811,0
