Chain,Claimed Fees,Unclaimed Fees,Swap Unclaimed Fees,CCTP Unclaimed Fees
boba,27743.019424462465,134690.71679898695,57069.362225163495,0
